{"flutter":{"platforms":{"android":{"default":{"projectId":"fitness-667e5","appId":"1:218890916600:android:95ac3ec78a456f9d19e10d","fileOutput":"android/app/google-services.json"}},"dart":{"lib/firebase_options.dart":{"projectId":"fitness-667e5","configurations":{"android":"1:218890916600:android:95ac3ec78a456f9d19e10d","ios":"1:218890916600:ios:cb4addc7d0d285e319e10d","macos":"1:218890916600:ios:cb4addc7d0d285e319e10d","web":"1:218890916600:web:052ba8ffbede847119e10d","windows":"1:218890916600:web:d309acd69a99992019e10d"}}}}}}