{
  "project_info": {
    "project_number": "230716141459",
    "firebase_url": "https://fittness-app-f52cd-default-rtdb.firebaseio.com",
    "project_id": "fittness-app-f52cd",
    "storage_bucket": "fittness-app-f52cd.firebasestorage.app"
  },
  "client": [
    {
      "client_info": {
        "mobilesdk_app_id": "1:230716141459:android:648ec74622ec0179998266",
        "android_client_info": {
          "package_name": "com.example.fitness_buddy_mobile"
        }
      },
      "oauth_client": [],
      "api_key": [
        {
          "current_key": "AIzaSyCqOSReLYERHPQklLyA0TwcKOEzhSzlGXc"
        }
      ],
      "services": {
        "appinvite_service": {
          "other_platform_oauth_client": []
        }
      }
    }
  ],
  "configuration_version": "1"
}